{"cameraMode":{"drawMode":0,"name":"Shaded","section":"Shading Mode"},"sceneLighting":true,"audioPlay":false,"sceneViewState":{"showFog":true,"showMaterialUpdate":true,"showSkybox":true,"showFlares":true,"showImageEffects":true,"showParticleSystems":true},"in2DMode":false,"pivot":{"x":-5.8862457275390629,"y":44.38859558105469,"z":0.7300186157226563},"rotation":{"x":0.0028012199327349664,"y":-0.7430219650268555,"z":-0.0031093601137399675,"w":-0.6692540049552918},"size":79.67920684814453,"orthographic":false}