{"cameraMode":{"drawMode":0,"name":"Shaded","section":"Shading Mode"},"sceneLighting":true,"audioPlay":false,"sceneViewState":{"showFog":true,"showMaterialUpdate":true,"showSkybox":true,"showFlares":true,"showImageEffects":true,"showParticleSystems":true},"in2DMode":false,"pivot":{"x":-139.87652587890626,"y":72.809326171875,"z":40.022945404052737},"rotation":{"x":0.024777229875326158,"y":0.7449482679367065,"z":0.027710476890206338,"w":-0.6660858988761902},"size":267.562255859375,"orthographic":false}