{"cameraMode":{"drawMode":0,"name":"Shaded","section":"Shading Mode"},"sceneLighting":true,"audioPlay":false,"sceneViewState":{"showFog":true,"showMaterialUpdate":true,"showSkybox":true,"showFlares":true,"showImageEffects":true,"showParticleSystems":true},"in2DMode":false,"pivot":{"x":-369.97283935546877,"y":-34.69684600830078,"z":-57.83344268798828},"rotation":{"x":-0.03294289484620094,"y":0.7304498553276062,"z":-0.035321127623319629,"w":-0.6812563538551331},"size":691.3646240234375,"orthographic":false}