{"cameraMode":{"drawMode":0,"name":"Shaded","section":"Shading Mode"},"sceneLighting":true,"audioPlay":false,"sceneViewState":{"showFog":true,"showMaterialUpdate":true,"showSkybox":true,"showFlares":true,"showImageEffects":true,"showParticleSystems":true},"in2DMode":false,"pivot":{"x":67.94996643066406,"y":-9.505050659179688,"z":-33.28588104248047},"rotation":{"x":0.10335072875022888,"y":0.8529698848724365,"z":-0.18477319180965424,"w":0.47709524631500246},"size":263.3214111328125,"orthographic":false}