{"cameraMode":{"drawMode":0,"name":"Shaded","section":"Shading Mode"},"sceneLighting":true,"audioPlay":false,"sceneViewState":{"showFog":true,"showMaterialUpdate":true,"showSkybox":true,"showFlares":true,"showImageEffects":true,"showParticleSystems":true},"in2DMode":false,"pivot":{"x":106.59015655517578,"y":4.331809997558594,"z":-26.822187423706056},"rotation":{"x":-0.1111767590045929,"y":-0.7642080783843994,"z":0.1369505077600479,"w":-0.6203792691230774},"size":378.36309814453127,"orthographic":false}