{"cameraMode":{"drawMode":0,"name":"Shaded","section":"Shading Mode"},"sceneLighting":true,"audioPlay":false,"sceneViewState":{"showFog":true,"showMaterialUpdate":true,"showSkybox":true,"showFlares":true,"showImageEffects":true,"showParticleSystems":true},"in2DMode":false,"pivot":{"x":427.8001708984375,"y":-162.54315185546876,"z":-18.928091049194337},"rotation":{"x":0.15503017604351045,"y":0.7097172737121582,"z":-0.1649235635995865,"w":0.6671336889266968},"size":627.1578369140625,"orthographic":false}