{"cameraMode":{"drawMode":0,"name":"Shaded","section":"Shading Mode"},"sceneLighting":false,"audioPlay":false,"sceneViewState":{"showFog":true,"showMaterialUpdate":true,"showSkybox":true,"showFlares":true,"showImageEffects":true,"showParticleSystems":true},"in2DMode":false,"pivot":{"x":721.8034057617188,"y":-8.523628234863282,"z":901.867919921875},"rotation":{"x":-0.11025616526603699,"y":-0.12102755159139633,"z":0.013527867384254933,"w":-0.9864141345024109},"size":35.4983024597168,"orthographic":false}