{"cameraMode":{"drawMode":0,"name":"Shaded","section":"Shading Mode"},"sceneLighting":true,"audioPlay":false,"sceneViewState":{"showFog":true,"showMaterialUpdate":true,"showSkybox":true,"showFlares":true,"showImageEffects":true,"showParticleSystems":true},"in2DMode":false,"pivot":{"x":-79.85966491699219,"y":45.515079498291019,"z":43.06611633300781},"rotation":{"x":-0.004077272955328226,"y":0.5330684781074524,"z":-0.002569053554907441,"w":-0.8460583686828613},"size":100.10436248779297,"orthographic":false}